dataset,orange_path,n_cycles,n_cycle_dirs,channels,tile_rows,tile_cols,n_zplanes,xy_pixel_nm,z_step_nm,NA,RI,ch_names_file,raw_size_GB,first_cycle
CX_19-001_SP_CC2-A28,/orange/maigan/HuBMAP_CODEX_LN-SP_Datasets/CX_19-001_SP_CC2-A28/data/src_CX_19-001-SP_CC2-A28,13,13,4,7,9,19,377.4463383838384,1500.0,0.75,?,channelnames.txt,347.8,cyc001_reg001_210323_171230
CX_19-001_spleen_CC2-A,/orange/maigan/HuBMAP_CODEX_LN-SP_Datasets/CX_19-001_spleen_CC2-A/src_CX_19-001_spleen_CC2-A_D200211,9,9,4,11,9,13,377.4463383838384,1500.0,0.75,?,channelnames.txt,285.2,cyc001_reg001_200210_170925
CX_19-001_spleen_CC3-C,/orange/maigan/HuBMAP_CODEX_LN-SP_Datasets/CX_19-001_spleen_CC3-C/src_CX_19-001_spleen_CC3-C,9,9,4,9,9,25,377.4463383838384,1500.0,0.75,?,CHANNELNAMES.txt,496.9,cyc001_reg001_200214_103101
CX_19-002_lymph-node_R1,/orange/maigan/HuBMAP_CODEX_LN-SP_Datasets/CX_19-002_lymph-node_R1/src_CX_19-002_lymph-node_R1,9,9,4,9,7,18,377.40384615384613,1500.0,0.75,?,CHANNELNAMES.txt,266.2,cyc001_reg001_200212_144650
CX_19-002_lymph-node_R2,/orange/maigan/HuBMAP_CODEX_LN-SP_Datasets/CX_19-002_lymph-node_R2/src_CX_19-002_lymph-node_R2,9,9,4,9,7,18,377.40384615384613,1500.0,0.75,?,CHANNELNAMES.txt,291.8,cyc001_reg001_200212_153201
CX_19-002_lymph-node_R3,/orange/maigan/HuBMAP_CODEX_LN-SP_Datasets/CX_19-002_lymph-node_R3/src_CX_19-002_lymph-node_R3,9,9,4,9,7,18,377.40384615384613,1500.0,0.75,?,CHANNELNAMES.txt,287.3,cyc001_reg001_200212_161744
CX_19-003_SP_CC2-E28,/orange/maigan/HuBMAP_CODEX_LN-SP_Datasets/CX_19-003_SP_CC2-E28/data/src_CX_19-003_SP_CC2-E28,13,13,4,9,7,19,377.40384615384613,1500.0,0.75,?,channelnames.txt,364.6,cyc001_reg001_210326_165632
CX_19-003_lymph-node_R1,/orange/maigan/HuBMAP_CODEX_LN-SP_Datasets/CX_19-003_lymph-node_R1/src_CX_19-003_LN_1,9,9,4,9,7,20,377.40384615384613,1500.0,0.75,?,CHANNELNAMES.txt,307.7,cyc001_reg001_191213_110423
CX_19-003_lymph-node_R2,/orange/maigan/HuBMAP_CODEX_LN-SP_Datasets/CX_19-003_lymph-node_R2/src_CX_19-003_LN_R2,9,9,4,9,7,20,377.40384615384613,1500.0,0.75,?,CHANNELNAMES.txt,299.6,cyc001_reg001_191213_115422
CX_19-003_lymph-node_R3,/orange/maigan/HuBMAP_CODEX_LN-SP_Datasets/CX_19-003_lymph-node_R3/src_CX_19-003_LN_R3,9,9,4,9,7,20,377.40384615384613,1500.0,0.75,?,CHANNELNAMES.txt,308.9,cyc001_reg001_191213_124421
CX_19-003_spleen_CC1-A,/orange/maigan/HuBMAP_CODEX_LN-SP_Datasets/CX_19-003_spleen_CC1-A/src_CX_19-003_spleen_CC1-A,9,9,4,9,9,23,377.4463383838384,1500.0,0.75,?,CHANNELNAMES.txt,437.7,cyc001_reg001_200208_234247
CX_19-003_spleen_CC2-E,/orange/maigan/HuBMAP_CODEX_LN-SP_Datasets/CX_19-003_spleen_CC2-E/src_CX_19-003_spleen_CC2-E,9,9,4,9,7,12,377.40384615384613,1200.0,0.75,?,CHANNELNAMES.txt,172.9,cyc001_reg001_191204_180012
CX_19-003_spleen_CC3-E,/orange/maigan/HuBMAP_CODEX_LN-SP_Datasets/CX_19-003_spleen_CC3-E/src_CX_19-003_spleen_CC3-E_NEW,9,9,4,9,7,17,377.40384615384613,1500.0,0.75,?,CHANNELNAMES.txt,244.8,cyc001_reg001_200216_112537
CX_19-004_lymph-node_R1,/orange/maigan/HuBMAP_CODEX_LN-SP_Datasets/CX_19-004_lymph-node_R1/src_CX_19-004_LN_R1,9,9,4,5,5,20,377.4463383838384,1500.0,0.75,?,CHANNELNAMES.txt,119.6,cyc001_reg001_191211_100344
CX_20-008_LN_n10_reg001,/orange/maigan/HuBMAP_CODEX_LN-SP_Datasets/CX_20-008_LN_n10_reg001/src_CX_20-008_lymphnode_n10_reg001,13,13,4,7,9,12,377.4463383838384,1500.0,0.75,?,channelnames.txt,220.7,cyc001_reg001_201102_131630
CX_20-008_LN_n9_reg002,/orange/maigan/HuBMAP_CODEX_LN-SP_Datasets/CX_20-008_LN_n9_reg002/src_CX_20-008_lymphnode_n9_reg002,13,13,4,7,9,12,377.4463383838384,1500.0,0.75,?,channelnames.txt,209.4,cyc001_reg001_201102_134851
src_CX_19-002_spleen_CC2-A_D200210,/orange/maigan/HuBMAP_CODEX_LN-SP_Datasets/src_CX_19-002_spleen_CC2-A_D200210,9,9,4,9,9,13,377.4463383838384,1500.0,0.75,?,CHANNELNAMES.txt,247.7,cyc001_reg001_200209_162857
src_CX_19-002_spleen_CC3-C,/orange/maigan/HuBMAP_CODEX_LN-SP_Datasets/src_CX_19-002_spleen_CC3-C,9,9,4,7,7,10,377.40384615384613,1500.0,0.75,?,CHANNELNAMES.txt,124.4,cyc001_reg001_191107_102012
src_CX_19-004_LN_R2,/orange/maigan/HuBMAP_CODEX_LN-SP_Datasets/src_CX_19-004_LN_R2,9,9,4,5,5,20,377.4463383838384,1500.0,0.75,?,CHANNELNAMES.txt,117.8,cyc001_reg001_191211_102508
src_CX_19-004_LN_R3,/orange/maigan/HuBMAP_CODEX_LN-SP_Datasets/src_CX_19-004_LN_R3,9,9,4,5,5,20,377.4463383838384,1500.0,0.75,?,CHANNELNAMES.txt,100.7,cyc001_reg001_191211_104633
src_CX_19-004_spleen_CC1-1L,/orange/maigan/HuBMAP_CODEX_LN-SP_Datasets/src_CX_19-004_spleen_CC1-1L,9,9,4,13,9,13,377.4463383838384,1500.0,0.75,?,CHANNELNAMES.txt,306.7,cyc001_reg001_200207_165915
src_CX_19-004_spleen_CC2-2L,/orange/maigan/HuBMAP_CODEX_LN-SP_Datasets/src_CX_19-004_spleen_CC2-2L,9,9,4,9,7,20,377.40384615384613,1500.0,0.75,?,CHANNELNAMES.txt,264.9,cyc001_reg001
src_CX_19-004_spleen_CC3-2L,/orange/maigan/HuBMAP_CODEX_LN-SP_Datasets/src_CX_19-004_spleen_CC3-2L,9,9,4,9,9,10,377.4463383838384,1500.0,0.75,?,CHANNELNAMES.txt,169.0,cyc001_reg001_191205_134813
src_CX_20-007_SP_CC1-A,/orange/maigan/HuBMAP_CODEX_LN-SP_Datasets/src_CX_20-007_SP_CC1-A,13,13,4,9,7,19,377.40384615384613,1500.0,0.75,?,channelnames.txt,322.4,cyc001_reg001_201117_141054
src_CX_20-007_SP_CC2-B,/orange/maigan/HuBMAP_CODEX_LN-SP_Datasets/src_CX_20-007_SP_CC2-B,13,13,4,9,7,19,377.40384615384613,1500.0,0.75,?,channelnames.txt,295.8,cyc001_reg001_201118_161343
src_CX_20-008_SP_CC3-A,/orange/maigan/HuBMAP_CODEX_LN-SP_Datasets/src_CX_20-008_SP_CC3-A,13,13,4,9,7,19,377.40384615384613,1500.0,0.75,?,channelnames.txt,297.3,cyc001_reg001_201116_143712
src_CX_21-010_LN_n3,/orange/maigan/HuBMAP_CODEX_LN-SP_Datasets/src_CX_21-010_LN_n3,14,14,4,7,9,13,377.4463383838384,1500.0,0.75,?,channelnames.txt,274.4,cyc001_reg001_211012_165039
src_CX_21-010_SP-CC1-A,/orange/maigan/HuBMAP_CODEX_LN-SP_Datasets/src_CX_21-010_SP-CC1-A,15,15,4,9,7,18,377.40384615384613,1500.0,0.75,?,channelnames.txt,363.5,cyc001_reg001_211206_163618
src_CX_21-012_LN_n3,/orange/maigan/HuBMAP_CODEX_LN-SP_Datasets/src_CX_21-012_LN_n3,15,15,4,9,7,13,377.40384615384613,1500.0,0.75,?,channelnames.txt,292.4,cyc001_reg001_211116_175654
src_CX_21-012_SP-CC3-A,/orange/maigan/HuBMAP_CODEX_LN-SP_Datasets/src_CX_21-012_SP-CC3-A,15,15,4,9,7,19,377.40384615384613,1500.0,0.75,?,channelnames.txt,407.7,cyc001_reg001_211213_155954
src_CX_21-014_LN_2.5,/orange/maigan/HuBMAP_CODEX_LN-SP_Datasets/src_CX_21-014_LN_2.5,15,15,4,9,7,13,377.40384615384613,1500.0,0.75,?,channelnames.txt,307.1,cyc001_reg001_211117_170258
src_CX_21-014_SP-CC2-A,/orange/maigan/HuBMAP_CODEX_LN-SP_Datasets/src_CX_21-014_SP-CC2-A,15,15,4,9,7,19,377.40384615384613,1500.0,0.75,?,channelnames.txt,400.8,cyc001_reg001_211208_161922
src_CX_21-015_LN_n3_n1,/orange/maigan/HuBMAP_CODEX_LN-SP_Datasets/src_CX_21-015_LN_n3_n1,15,30,4,6,5,13,377.4671052631579,1500.0,0.75,?,channelnames.txt,350.8,cyc001_reg001_211118_164352
src_CX_21-015_SP-CC3-B,/orange/maigan/HuBMAP_CODEX_LN-SP_Datasets/src_CX_21-015_SP-CC3-B,15,15,4,9,7,19,377.40384615384613,1500.0,0.75,?,channelnames.txt,391.0,cyc001_reg001_211209_160550
